{"cameraMode":{"drawMode":0,"name":"Shaded","section":"Shading Mode"},"sceneLighting":true,"audioPlay":false,"sceneViewState":{"m_AlwaysRefresh":false,"showFog":true,"showSkybox":true,"showFlares":true,"showImageEffects":true,"showParticleSystems":true,"showVisualEffectGraphs":true,"m_FxEnabled":true},"in2DMode":false,"pivot":{"x":3.5756993293762209,"y":10.508377075195313,"z":-22.656856536865236},"rotation":{"x":-0.1140492781996727,"y":0.0140046002343297,"z":-0.0016072645084932447,"w":-0.9933770298957825},"size":11.397977828979493,"orthographic":false}